snpprobeset_id,n,X.squared.sum,p.value
exm688939,40,1607.6636977441,1.63327039107158e-312
rs1047406,40,1607.6636977441,1.63327039107158e-312
rs1049654,41,1529.64316518259,3.5947225460884e-295
rs6762,22,1522.52858875101,5.16195763406955e-310
exm90300,3,1433.48774588482,5.27340398624627e-312
exm-rs4884,27,1398.83841896061,5.12997666170059e-279
